;Unnamed: 0;School Name
0;3394.0;Hallam Primary School
12;3445.0;Werribee Primary School
13;4277.0;Manorvale Primary School
14;4429.0;Westgrove Primary School
15;4851.0;St Andrew's School
27;3726.0;Cranbourne Primary School
28;4332.0;Cranbourne West Primary School
29;4360.0;Rangebank Primary School
30;4513.0;Cranbourne Carlisle Primary School
31;5165.0;St Agatha's School
32;5231.0;St Therese's School
55;3993.0;Hampton Park Primary School
56;4297.0;River Gum Primary School
57;4403.0;Coral Park Primary School
58;4425.0;Kilberry Valley Primary School
59;5229.0;St Kevin's School
64;4045.0;Fleetwood Primary School
65;4267.0;Fountain Gate Primary School
66;4404.0;Maramba Primary School
112;4229.0;Mossfiel Primary School
113;4257.0;Woodville Primary School
114;4376.0;Bellbridge Primary School
115;4416.0;Baden Powell P-9 College
116;4738.0;The Grange P-12 College
117;5162.0;St Peter Apostle School
118;5202.0;St James the Apostle School
135;4303.0;James Cook Primary School
136;4343.0;Mossgiel Park Primary School
137;4359.0;Chalcot Lodge Primary School
138;4362.0;Southern Cross Primary School
152;4434.0;Courtenay Gardens Primary School
159;4491.0;Strathaird Primary School
160;4496.0;Hillsmeade Primary School
161;4771.0;Narre Warren South P-12 College
166;4501.0;Carranballac P-9 College
167;4506.0;Lynbrook Primary School
168;4509.0;Berwick Chase Primary School
179;4776.0;Manor Lakes P-12 College
180;5263.0;Our Lady of the Southern Cross
188;5098.0;Holy Family School
189;9055.0;Doveton College
195;5237.0;Mary MacKillop School
198;8978.0;Cranbourne East Primary School
199;8984.0;Lyndhurst Primary School
